Income,Household_Type,ETR_Gross_PreCredit_pct,ETR_After_FedCredits_pct,ETR_Net_FullStack_pct,Net_Tax_Dollars,Fed_EITC,CTC_Nonref,ACTC,CalEITC,YCTC
1000,"Single, no children",7.65,0.0,-6.51,-65.14,76.5,0,0,65.14,0
2000,"Single, no children",7.65,0.0,-6.51,-130.29,153.0,0,0,130.29,0
3000,"Single, no children",7.65,0.0,-6.51,-195.43,229.5,0,0,195.43,0
4000,"Single, no children",7.65,0.0,-6.51,-260.57,306.0,0,0,260.57,0
5000,"Single, no children",7.65,0.0,-4.94,-247.1,382.5,0,0,247.1,0
6000,"Single, no children",7.65,0.0,-3.84,-230.18,459.0,0,0,230.18,0
7000,"Single, no children",7.65,0.0,-3.16,-220.99,535.5,0,0,220.99,0
8000,"Single, no children",7.65,0.15,-2.5,-199.79,600,0,0,211.79,0
9000,"Single, no children",7.65,0.98,-1.27,-114.1,600,0,0,202.6,0
10000,"Single, no children",7.65,1.8,-0.13,-13.1,584.7,0,0,193.4,0
11000,"Single, no children",7.65,3.03,1.36,149.09,508.2,0,0,184.21,0
12000,"Single, no children",7.65,4.05,2.59,311.29,431.7,0,0,175.01,0
13000,"Single, no children",7.65,4.92,3.64,473.48,355.2,0,0,165.82,0
14000,"Single, no children",7.76,5.77,4.65,650.68,278.7,0,0,156.62,0
15000,"Single, no children",8.42,7.07,6.09,912.87,202.2,0,0,147.43,0
16000,"Single, no children",8.99,8.21,7.34,1175.07,125.7,0,0,138.23,0
17000,"Single, no children",9.5,9.21,8.45,1437.26,49.2,0,0,129.04,0
18000,"Single, no children",9.98,9.98,9.32,1676.78,0,0,0,119.84,0
19000,"Single, no children",10.49,10.49,9.91,1882.47,0,0,0,110.65,0
20000,"Single, no children",10.95,10.95,10.44,2088.17,0,0,0,101.45,0
21000,"Single, no children",11.36,11.36,10.92,2293.86,0,0,0,92.26,0
22000,"Single, no children",11.74,11.74,11.36,2499.56,0,0,0,83.06,0
23000,"Single, no children",12.08,12.08,11.76,2705.25,0,0,0,73.87,0
24000,"Single, no children",12.4,12.4,12.13,2910.94,0,0,0,64.68,0
25000,"Single, no children",12.7,12.7,12.48,3119.64,0,0,0,55.48,0
26000,"Single, no children",13.04,13.04,12.87,3345.33,0,0,0,46.29,0
27000,"Single, no children",13.36,13.36,13.23,3571.03,0,0,0,37.09,0
28000,"Single, no children",13.66,13.66,13.56,3796.72,0,0,0,27.9,0
29000,"Single, no children",13.93,13.93,13.87,4022.42,0,0,0,18.7,0
30000,"Single, no children",14.19,14.19,14.16,4248.11,0,0,0,9.51,0
31000,"Single, no children",14.49,14.49,14.49,4493.18,0,0,0,0,0
32000,"Single, no children",14.78,14.78,14.78,4729.68,0,0,0,0,0
33000,"Single, no children",15.05,15.05,15.05,4966.18,0,0,0,0,0
34000,"Single, no children",15.3,15.3,15.3,5202.68,0,0,0,0,0
35000,"Single, no children",15.54,15.54,15.54,5439.18,0,0,0,0,0
36000,"Single, no children",15.77,15.77,15.77,5675.68,0,0,0,0,0
37000,"Single, no children",15.98,15.98,15.98,5912.18,0,0,0,0,0
38000,"Single, no children",16.18,16.18,16.18,6148.68,0,0,0,0,0
39000,"Single, no children",16.37,16.37,16.37,6385.18,0,0,0,0,0
40000,"Single, no children",16.55,16.55,16.55,6621.68,0,0,0,0,0
41000,"Single, no children",16.73,16.73,16.73,6858.18,0,0,0,0,0
42000,"Single, no children",16.89,16.89,16.89,7094.68,0,0,0,0,0
43000,"Single, no children",17.05,17.05,17.05,7331.18,0,0,0,0,0
44000,"Single, no children",17.2,17.2,17.2,7567.68,0,0,0,0,0
45000,"Single, no children",17.37,17.37,17.37,7817.74,0,0,0,0,0
46000,"Single, no children",17.55,17.55,17.55,8074.24,0,0,0,0,0
47000,"Single, no children",17.72,17.72,17.72,8330.74,0,0,0,0,0
48000,"Single, no children",17.89,17.89,17.89,8587.24,0,0,0,0,0
49000,"Single, no children",18.05,18.05,18.05,8843.74,0,0,0,0,0
50000,"Single, no children",18.2,18.2,18.2,9100.24,0,0,0,0,0
51000,"Single, no children",18.35,18.35,18.35,9356.74,0,0,0,0,0
52000,"Single, no children",18.49,18.49,18.49,9613.24,0,0,0,0,0
53000,"Single, no children",18.62,18.62,18.62,9869.74,0,0,0,0,0
54000,"Single, no children",18.75,18.75,18.75,10126.24,0,0,0,0,0
55000,"Single, no children",18.88,18.88,18.88,10382.74,0,0,0,0,0
56000,"Single, no children",19.0,19.0,19.0,10639.24,0,0,0,0,0
57000,"Single, no children",19.12,19.12,19.12,10895.74,0,0,0,0,0
58000,"Single, no children",19.23,19.23,19.23,11152.24,0,0,0,0,0
59000,"Single, no children",19.41,19.41,19.41,11451.24,0,0,0,0,0
60000,"Single, no children",19.7,19.7,19.7,11818.86,0,0,0,0,0
61000,"Single, no children",19.99,19.99,19.99,12195.36,0,0,0,0,0
62000,"Single, no children",20.28,20.28,20.28,12571.86,0,0,0,0,0
63000,"Single, no children",20.55,20.55,20.55,12948.36,0,0,0,0,0
64000,"Single, no children",20.82,20.82,20.82,13324.86,0,0,0,0,0
65000,"Single, no children",21.08,21.08,21.08,13701.36,0,0,0,0,0
66000,"Single, no children",21.33,21.33,21.33,14077.86,0,0,0,0,0
67000,"Single, no children",21.57,21.57,21.57,14454.36,0,0,0,0,0
68000,"Single, no children",21.81,21.81,21.81,14830.86,0,0,0,0,0
69000,"Single, no children",22.04,22.04,22.04,15207.36,0,0,0,0,0
70000,"Single, no children",22.26,22.26,22.26,15583.86,0,0,0,0,0
71000,"Single, no children",22.48,22.48,22.48,15960.36,0,0,0,0,0
72000,"Single, no children",22.69,22.69,22.69,16336.86,0,0,0,0,0
73000,"Single, no children",22.9,22.9,22.9,16713.36,0,0,0,0,0
74000,"Single, no children",23.1,23.1,23.1,17093.59,0,0,0,0,0
75000,"Single, no children",23.31,23.31,23.31,17483.09,0,0,0,0,0
1000,"HoH, one child",7.65,-26.35,-166.95,-1669.47,340.0,0,0,288.97,1117
2000,"HoH, one child",7.65,-26.35,-111.1,-2221.95,680.0,0,0,577.95,1117
3000,"HoH, one child",7.65,-28.85,-94.98,-2849.42,1020.0,0,75.0,866.92,1117
4000,"HoH, one child",7.65,-31.97,-88.8,-3551.89,1360.0,0,225.0,1155.89,1117
5000,"HoH, one child",7.65,-33.85,-85.09,-4254.37,1700.0,0,375.0,1444.87,1117
6000,"HoH, one child",7.65,-35.1,-82.61,-4956.84,2040.0,0,525.0,1733.84,1117
7000,"HoH, one child",7.65,-35.99,-77.35,-5414.6,2380.0,0,675.0,1778.1,1117
8000,"HoH, one child",7.65,-36.66,-69.27,-5541.29,2720.0,0,825.0,1491.29,1117
9000,"HoH, one child",7.65,-37.18,-62.98,-5667.98,3060.0,0,975.0,1204.48,1117
10000,"HoH, one child",7.65,-37.6,-57.95,-5794.66,3400.0,0,1125.0,917.66,1117
11000,"HoH, one child",7.65,-37.94,-53.83,-5921.35,3740.0,0,1275.0,630.85,1117
12000,"HoH, one child",7.65,-37.52,-51.56,-6187.75,3995,0,1425.0,568.75,1117
13000,"HoH, one child",7.65,-35.2,-47.93,-6231.25,3995,0,1575.0,538.75,1117
14000,"HoH, one child",7.65,-32.31,-43.93,-6149.75,3995,0,1600,508.75,1117
15000,"HoH, one child",7.65,-29.65,-40.29,-6043.25,3995,0,1600,478.75,1117
16000,"HoH, one child",7.65,-27.32,-37.1,-5936.75,3995,0,1600,448.75,1117
17000,"HoH, one child",7.65,-25.26,-34.3,-5830.25,3995,0,1600,418.75,1117
18000,"HoH, one child",7.65,-23.43,-31.8,-5723.75,3995,0,1600,388.75,1117
19000,"HoH, one child",7.65,-21.8,-29.56,-5617.25,3995,0,1600,358.75,1117
20000,"HoH, one child",7.65,-20.32,-27.55,-5510.75,3995,0,1600,328.75,1117
21000,"HoH, one child",7.75,-18.99,-25.73,-5404.25,3995,20.0,1600,298.75,1117
22000,"HoH, one child",8.2,-17.46,-23.76,-5227.44,3924.69,120.0,1600,268.75,1117
23000,"HoH, one child",8.61,-15.68,-21.57,-4961.14,3764.89,220.0,1600,238.75,1117
24000,"HoH, one child",8.98,-14.04,-19.56,-4694.84,3605.09,320.0,1600,208.75,1117
25000,"HoH, one child",9.33,-12.45,-17.63,-4408.54,3445.29,400,1600,178.75,1117
26000,"HoH, one child",9.65,-10.68,-15.36,-3993.5,3285.49,400,1600,148.75,1068.27
27000,"HoH, one child",9.95,-9.04,-12.63,-3410.6,3125.69,400,1600,118.75,851.66
28000,"HoH, one child",10.22,-7.51,-10.1,-2827.7,2965.89,400,1600,88.75,635.07
29000,"HoH, one child",10.48,-6.1,-7.74,-2244.8,2806.09,400,1600,58.75,418.47
30000,"HoH, one child",10.72,-4.77,-5.54,-1661.9,2646.29,400,1600,28.75,201.87
31000,"HoH, one child",10.94,-3.53,-3.53,-1094.99,2486.49,400,1600,0,0
32000,"HoH, one child",11.15,-2.37,-2.37,-758.69,2326.69,400,1600,0,0
33000,"HoH, one child",11.35,-1.28,-1.28,-422.39,2166.89,400,1600,0,0
34000,"HoH, one child",11.53,-0.25,-0.25,-86.09,2007.09,400,1600,0,0
35000,"HoH, one child",11.71,0.71,0.71,250.21,1847.29,400,1600,0,0
36000,"HoH, one child",11.87,1.63,1.63,586.51,1687.49,400,1600,0,0
37000,"HoH, one child",12.06,2.52,2.52,932.81,1527.69,400,1600,0,0
38000,"HoH, one child",12.26,3.39,3.39,1289.11,1367.89,400,1600,0,0
39000,"HoH, one child",12.44,4.22,4.22,1645.41,1208.09,400,1600,0,0
40000,"HoH, one child",12.62,5.0,5.0,2001.71,1048.29,400,1600,0,0
41000,"HoH, one child",12.8,5.75,5.75,2358.01,888.49,400,1600,0,0
42000,"HoH, one child",12.96,6.46,6.46,2714.31,728.69,400,1600,0,0
43000,"HoH, one child",13.12,7.14,7.14,3070.61,568.89,400,1600,0,0
44000,"HoH, one child",13.26,7.79,7.79,3426.91,409.09,400,1600,0,0
45000,"HoH, one child",13.41,8.41,8.41,3783.21,249.29,400,1600,0,0
46000,"HoH, one child",13.54,9.0,9.0,4139.51,89.49,400,1600,0,0
47000,"HoH, one child",13.67,9.42,9.42,4425.5,0,400,1600,0,0
48000,"HoH, one child",13.8,9.63,9.63,4622.0,0,400,1600,0,0
49000,"HoH, one child",13.92,9.83,9.83,4818.5,0,400,1600,0,0
50000,"HoH, one child",14.03,10.03,10.03,5015.0,0,400,1600,0,0
51000,"HoH, one child",14.15,10.23,10.23,5218.59,0,400,1600,0,0
52000,"HoH, one child",14.3,10.45,10.45,5435.09,0,400,1600,0,0
53000,"HoH, one child",14.44,10.66,10.66,5651.59,0,400,1600,0,0
54000,"HoH, one child",14.57,10.87,10.87,5868.09,0,400,1600,0,0
55000,"HoH, one child",14.7,11.06,11.06,6084.59,0,400,1600,0,0
56000,"HoH, one child",14.82,11.25,11.25,6301.09,0,400,1600,0,0
57000,"HoH, one child",14.94,11.43,11.43,6517.59,0,400,1600,0,0
58000,"HoH, one child",15.06,11.61,11.61,6734.09,0,400,1600,0,0
59000,"HoH, one child",15.17,11.78,11.78,6950.59,0,400,1600,0,0
60000,"HoH, one child",15.28,11.95,11.95,7167.09,0,400,1600,0,0
61000,"HoH, one child",15.41,12.13,12.13,7401.65,0,400,1600,0,0
62000,"HoH, one child",15.55,12.32,12.32,7638.15,0,400,1600,0,0
63000,"HoH, one child",15.67,12.5,12.5,7874.65,0,400,1600,0,0
64000,"HoH, one child",15.8,12.67,12.67,8111.15,0,400,1600,0,0
65000,"HoH, one child",15.92,12.84,12.84,8347.65,0,400,1600,0,0
66000,"HoH, one child",16.04,13.01,13.01,8584.15,0,400,1600,0,0
67000,"HoH, one child",16.15,13.17,13.17,8820.65,0,400,1600,0,0
68000,"HoH, one child",16.26,13.32,13.32,9057.15,0,400,1600,0,0
69000,"HoH, one child",16.37,13.47,13.47,9293.65,0,400,1600,0,0
70000,"HoH, one child",16.47,13.61,13.61,9530.15,0,400,1600,0,0
71000,"HoH, one child",16.57,13.76,13.76,9766.65,0,400,1600,0,0
72000,"HoH, one child",16.67,13.89,13.89,10003.15,0,400,1600,0,0
73000,"HoH, one child",16.77,14.03,14.03,10239.65,0,400,1600,0,0
74000,"HoH, one child",16.86,14.16,14.16,10476.15,0,400,1600,0,0
75000,"HoH, one child",16.97,14.3,14.3,10725.25,0,400,1600,0,0
1000,"HoH, two+ children",7.65,-32.35,-178.06,-1780.55,400.0,0,0,340.05,1117
2000,"HoH, two+ children",7.65,-32.35,-122.21,-2444.11,800.0,0,0,680.11,1117
3000,"HoH, two+ children",7.65,-34.85,-106.09,-3182.66,1200.0,0,75.0,1020.16,1117
4000,"HoH, two+ children",7.65,-37.97,-99.91,-3996.22,1600.0,0,225.0,1360.22,1117
5000,"HoH, two+ children",7.65,-39.85,-96.2,-4809.77,2000.0,0,375.0,1700.27,1117
6000,"HoH, two+ children",7.65,-41.1,-93.72,-5623.33,2400.0,0,525.0,2040.33,1117
7000,"HoH, two+ children",7.65,-41.99,-91.96,-6436.88,2800.0,0,675.0,2380.38,1117
8000,"HoH, two+ children",7.65,-42.66,-90.63,-7250.43,3200.0,0,825.0,2720.43,1117
9000,"HoH, two+ children",7.65,-43.18,-89.6,-8063.99,3600.0,0,975.0,3060.49,1117
10000,"HoH, two+ children",7.65,-43.6,-83.51,-8351.43,4000.0,0,1125.0,2874.43,1117
11000,"HoH, two+ children",7.65,-43.94,-77.15,-8486.13,4400.0,0,1275.0,2535.63,1117
12000,"HoH, two+ children",7.65,-44.22,-71.84,-8620.83,4800.0,0,1425.0,2196.83,1117
13000,"HoH, two+ children",7.65,-44.47,-67.35,-8755.53,5200.0,0,1575.0,1858.03,1117
14000,"HoH, two+ children",7.65,-44.67,-63.5,-8890.23,5600.0,0,1725.0,1519.23,1117
15000,"HoH, two+ children",7.65,-44.85,-60.17,-9024.93,6000.0,0,1875.0,1180.43,1117
16000,"HoH, two+ children",7.65,-45.01,-57.25,-9159.63,6400.0,0,2025.0,841.63,1117
17000,"HoH, two+ children",7.65,-43.99,-54.0,-9179.98,6604,0,2175.0,584.48,1117
18000,"HoH, two+ children",7.65,-41.96,-51.18,-9211.58,6604,0,2325.0,542.58,1117
19000,"HoH, two+ children",7.65,-40.13,-48.65,-9243.17,6604,0,2475.0,500.67,1117
20000,"HoH, two+ children",7.65,-38.5,-46.37,-9274.77,6604,0,2625.0,458.77,1117
21000,"HoH, two+ children",7.75,-37.01,-44.32,-9306.37,6604,20.0,2775.0,416.87,1117
22000,"HoH, two+ children",8.2,-35.24,-42.02,-9245.31,6511.34,120.0,2925.0,374.97,1117
23000,"HoH, two+ children",8.61,-33.11,-39.42,-9066.3,6300.74,220.0,3075.0,333.07,1117
24000,"HoH, two+ children",8.98,-31.06,-36.93,-8862.3,6090.14,320.0,3200,291.17,1117
25000,"HoH, two+ children",9.33,-28.67,-34.13,-8533.3,5879.54,420.0,3200,249.27,1117
26000,"HoH, two+ children",9.65,-26.46,-31.37,-8155.57,5668.94,520.0,3200,207.36,1068.27
27000,"HoH, two+ children",9.95,-24.42,-28.19,-7609.96,5458.34,620.0,3200,165.46,851.66
28000,"HoH, two+ children",10.22,-22.52,-25.23,-7064.36,5247.74,720.0,3200,123.56,635.07
29000,"HoH, two+ children",10.48,-20.68,-22.41,-6498.76,5037.14,800,3200,81.66,418.47
30000,"HoH, two+ children",10.72,-18.71,-19.51,-5853.16,4826.54,800,3200,39.76,201.87
31000,"HoH, two+ children",10.94,-16.85,-16.85,-5224.44,4615.94,800,3200,0,0
32000,"HoH, two+ children",11.15,-15.12,-15.12,-4837.34,4405.34,800,3200,0,0
33000,"HoH, two+ children",11.35,-13.49,-13.49,-4450.24,4194.74,800,3200,0,0
34000,"HoH, two+ children",11.53,-11.95,-11.95,-4063.14,3984.14,800,3200,0,0
35000,"HoH, two+ children",11.71,-10.5,-10.5,-3676.04,3773.54,800,3200,0,0
36000,"HoH, two+ children",11.87,-9.14,-9.14,-3288.94,3562.94,800,3200,0,0
37000,"HoH, two+ children",12.06,-7.82,-7.82,-2891.84,3352.34,800,3200,0,0
38000,"HoH, two+ children",12.26,-6.54,-6.54,-2484.74,3141.74,800,3200,0,0
39000,"HoH, two+ children",12.44,-5.33,-5.33,-2077.64,2931.14,800,3200,0,0
40000,"HoH, two+ children",12.62,-4.18,-4.18,-1670.54,2720.54,800,3200,0,0
41000,"HoH, two+ children",12.8,-3.08,-3.08,-1263.44,2509.94,800,3200,0,0
42000,"HoH, two+ children",12.96,-2.04,-2.04,-856.34,2299.34,800,3200,0,0
43000,"HoH, two+ children",13.12,-1.04,-1.04,-449.24,2088.74,800,3200,0,0
44000,"HoH, two+ children",13.26,-0.1,-0.1,-42.14,1878.14,800,3200,0,0
45000,"HoH, two+ children",13.41,0.81,0.81,364.96,1667.54,800,3200,0,0
46000,"HoH, two+ children",13.54,1.68,1.68,772.06,1456.94,800,3200,0,0
47000,"HoH, two+ children",13.67,2.51,2.51,1179.16,1246.34,800,3200,0,0
48000,"HoH, two+ children",13.8,3.3,3.3,1586.26,1035.74,800,3200,0,0
49000,"HoH, two+ children",13.92,4.07,4.07,1993.36,825.14,800,3200,0,0
50000,"HoH, two+ children",14.03,4.8,4.8,2400.46,614.54,800,3200,0,0
51000,"HoH, two+ children",14.14,5.51,5.51,2807.56,403.94,800,3200,0,0
52000,"HoH, two+ children",14.25,6.18,6.18,3214.66,193.34,800,3200,0,0
53000,"HoH, two+ children",14.35,6.8,6.8,3604.5,0,800,3200,0,0
54000,"HoH, two+ children",14.45,7.04,7.04,3801.0,0,800,3200,0,0
55000,"HoH, two+ children",14.54,7.27,7.27,3997.5,0,800,3200,0,0
56000,"HoH, two+ children",14.63,7.49,7.49,4194.0,0,800,3200,0,0
57000,"HoH, two+ children",14.72,7.7,7.7,4390.5,0,800,3200,0,0
58000,"HoH, two+ children",14.81,7.91,7.91,4587.0,0,800,3200,0,0
59000,"HoH, two+ children",14.89,8.11,8.11,4783.5,0,800,3200,0,0
60000,"HoH, two+ children",14.97,8.3,8.3,4980.0,0,800,3200,0,0
61000,"HoH, two+ children",15.04,8.49,8.49,5176.5,0,800,3200,0,0
62000,"HoH, two+ children",15.12,8.67,8.67,5373.0,0,800,3200,0,0
63000,"HoH, two+ children",15.19,8.84,8.84,5569.5,0,800,3200,0,0
64000,"HoH, two+ children",15.26,9.01,9.01,5766.0,0,800,3200,0,0
65000,"HoH, two+ children",15.33,9.17,9.17,5962.5,0,800,3200,0,0
66000,"HoH, two+ children",15.39,9.33,9.33,6159.0,0,800,3200,0,0
67000,"HoH, two+ children",15.48,9.51,9.51,6374.65,0,800,3200,0,0
68000,"HoH, two+ children",15.6,9.72,9.72,6611.15,0,800,3200,0,0
69000,"HoH, two+ children",15.72,9.92,9.92,6847.65,0,800,3200,0,0
70000,"HoH, two+ children",15.83,10.12,10.12,7084.15,0,800,3200,0,0
71000,"HoH, two+ children",15.94,10.31,10.31,7320.65,0,800,3200,0,0
72000,"HoH, two+ children",16.05,10.5,10.5,7557.15,0,800,3200,0,0
73000,"HoH, two+ children",16.16,10.68,10.68,7793.65,0,800,3200,0,0
74000,"HoH, two+ children",16.26,10.85,10.85,8030.15,0,800,3200,0,0
75000,"HoH, two+ children",16.37,11.04,11.04,8279.25,0,800,3200,0,0
1000,"MFJ, with children",7.65,-32.35,-178.06,-1780.55,400.0,0,0,340.05,1117
2000,"MFJ, with children",7.65,-32.35,-122.21,-2444.11,800.0,0,0,680.11,1117
3000,"MFJ, with children",7.65,-34.85,-106.09,-3182.66,1200.0,0,75.0,1020.16,1117
4000,"MFJ, with children",7.65,-37.97,-99.91,-3996.22,1600.0,0,225.0,1360.22,1117
5000,"MFJ, with children",7.65,-39.85,-96.2,-4809.77,2000.0,0,375.0,1700.27,1117
6000,"MFJ, with children",7.65,-41.1,-93.72,-5623.33,2400.0,0,525.0,2040.33,1117
7000,"MFJ, with children",7.65,-41.99,-91.96,-6436.88,2800.0,0,675.0,2380.38,1117
8000,"MFJ, with children",7.65,-42.66,-90.63,-7250.43,3200.0,0,825.0,2720.43,1117
9000,"MFJ, with children",7.65,-43.18,-89.6,-8063.99,3600.0,0,975.0,3060.49,1117
10000,"MFJ, with children",7.65,-43.6,-83.51,-8351.43,4000.0,0,1125.0,2874.43,1117
11000,"MFJ, with children",7.65,-43.94,-77.15,-8486.13,4400.0,0,1275.0,2535.63,1117
12000,"MFJ, with children",7.65,-44.22,-71.84,-8620.83,4800.0,0,1425.0,2196.83,1117
13000,"MFJ, with children",7.65,-44.47,-67.35,-8755.53,5200.0,0,1575.0,1858.03,1117
14000,"MFJ, with children",7.65,-44.67,-63.5,-8890.23,5600.0,0,1725.0,1519.23,1117
15000,"MFJ, with children",7.65,-44.85,-60.17,-9024.93,6000.0,0,1875.0,1180.43,1117
16000,"MFJ, with children",7.65,-45.01,-57.25,-9159.63,6400.0,0,2025.0,841.63,1117
17000,"MFJ, with children",7.65,-43.99,-54.0,-9179.98,6604,0,2175.0,584.48,1117
18000,"MFJ, with children",7.65,-41.96,-51.18,-9211.58,6604,0,2325.0,542.58,1117
19000,"MFJ, with children",7.65,-40.13,-48.65,-9243.17,6604,0,2475.0,500.67,1117
20000,"MFJ, with children",7.65,-38.5,-46.37,-9274.77,6604,0,2625.0,458.77,1117
21000,"MFJ, with children",7.65,-37.01,-44.32,-9306.37,6604,0,2775.0,416.87,1117
22000,"MFJ, with children",7.65,-35.66,-42.45,-9337.97,6604,0,2925.0,374.97,1117
23000,"MFJ, with children",7.65,-34.43,-40.74,-9369.57,6604,0,3075.0,333.07,1117
24000,"MFJ, with children",7.65,-33.2,-39.07,-9376.17,6604,0,3200,291.17,1117
25000,"MFJ, with children",7.65,-31.57,-37.03,-9257.77,6604,0,3200,249.27,1117
26000,"MFJ, with children",7.65,-30.06,-34.96,-9090.63,6604,0,3200,207.36,1068.27
27000,"MFJ, with children",7.65,-28.66,-32.43,-8755.63,6604,0,3200,165.46,851.66
28000,"MFJ, with children",7.76,-27.36,-30.07,-8420.63,6604,30.0,3200,123.56,635.07
29000,"MFJ, with children",8.1,-25.52,-27.24,-7900.3,6418.67,130.0,3200,81.66,418.47
30000,"MFJ, with children",8.42,-23.71,-24.52,-7354.7,6208.07,230.0,3200,39.76,201.87
31000,"MFJ, with children",8.71,-22.02,-22.02,-6825.97,5997.47,330.0,3200,0,0
32000,"MFJ, with children",8.99,-20.43,-20.43,-6538.87,5786.87,430.0,3200,0,0
33000,"MFJ, with children",9.26,-18.94,-18.94,-6251.77,5576.27,530.0,3200,0,0
34000,"MFJ, with children",9.5,-17.54,-17.54,-5964.67,5365.67,630.0,3200,0,0
35000,"MFJ, with children",9.74,-16.22,-16.22,-5677.57,5155.07,730.0,3200,0,0
36000,"MFJ, with children",9.96,-14.89,-14.89,-5360.47,4944.47,800,3200,0,0
37000,"MFJ, with children",10.16,-13.44,-13.44,-4973.37,4733.87,800,3200,0,0
38000,"MFJ, with children",10.36,-12.07,-12.07,-4586.27,4523.27,800,3200,0,0
39000,"MFJ, with children",10.55,-10.77,-10.77,-4199.17,4312.67,800,3200,0,0
40000,"MFJ, with children",10.72,-9.53,-9.53,-3812.07,4102.07,800,3200,0,0
41000,"MFJ, with children",10.89,-8.35,-8.35,-3424.97,3891.47,800,3200,0,0
42000,"MFJ, with children",11.05,-7.23,-7.23,-3037.87,3680.87,800,3200,0,0
43000,"MFJ, with children",11.21,-6.16,-6.16,-2650.77,3470.27,800,3200,0,0
44000,"MFJ, with children",11.35,-5.14,-5.14,-2263.67,3259.67,800,3200,0,0
45000,"MFJ, with children",11.49,-4.17,-4.17,-1876.57,3049.07,800,3200,0,0
46000,"MFJ, with children",11.63,-3.24,-3.24,-1489.47,2838.47,800,3200,0,0
47000,"MFJ, with children",11.76,-2.35,-2.35,-1102.37,2627.87,800,3200,0,0
48000,"MFJ, with children",11.88,-1.49,-1.49,-715.27,2417.27,800,3200,0,0
49000,"MFJ, with children",12.0,-0.67,-0.67,-328.17,2206.67,800,3200,0,0
50000,"MFJ, with children",12.12,0.13,0.13,64.93,1996.07,800,3200,0,0
51000,"MFJ, with children",12.27,0.93,0.93,472.03,1785.47,800,3200,0,0
52000,"MFJ, with children",12.41,1.69,1.69,879.13,1574.87,800,3200,0,0
53000,"MFJ, with children",12.55,2.43,2.43,1286.23,1364.27,800,3200,0,0
54000,"MFJ, with children",12.68,3.14,3.14,1693.33,1153.67,800,3200,0,0
55000,"MFJ, with children",12.81,3.82,3.82,2100.43,943.07,800,3200,0,0
56000,"MFJ, with children",12.93,4.48,4.48,2507.53,732.47,800,3200,0,0
57000,"MFJ, with children",13.05,5.11,5.11,2914.63,521.87,800,3200,0,0
58000,"MFJ, with children",13.16,5.73,5.73,3321.73,311.27,800,3200,0,0
59000,"MFJ, with children",13.27,6.32,6.32,3728.83,100.67,800,3200,0,0
60000,"MFJ, with children",13.38,6.71,6.71,4026.0,0,800,3200,0,0
61000,"MFJ, with children",13.48,6.92,6.92,4222.5,0,800,3200,0,0
62000,"MFJ, with children",13.58,7.13,7.13,4419.0,0,800,3200,0,0
63000,"MFJ, with children",13.68,7.33,7.33,4615.5,0,800,3200,0,0
64000,"MFJ, with children",13.77,7.52,7.52,4812.0,0,800,3200,0,0
65000,"MFJ, with children",13.86,7.71,7.71,5008.5,0,800,3200,0,0
66000,"MFJ, with children",13.95,7.89,7.89,5205.0,0,800,3200,0,0
67000,"MFJ, with children",14.03,8.06,8.06,5401.5,0,800,3200,0,0
68000,"MFJ, with children",14.11,8.23,8.23,5598.0,0,800,3200,0,0
69000,"MFJ, with children",14.19,8.4,8.4,5794.5,0,800,3200,0,0
70000,"MFJ, with children",14.27,8.56,8.56,5991.0,0,800,3200,0,0
71000,"MFJ, with children",14.4,8.76,8.76,6222.86,0,800,3200,0,0
72000,"MFJ, with children",14.53,8.97,8.97,6459.36,0,800,3200,0,0
73000,"MFJ, with children",14.65,9.17,9.17,6695.86,0,800,3200,0,0
74000,"MFJ, with children",14.77,9.37,9.37,6932.36,0,800,3200,0,0
75000,"MFJ, with children",14.89,9.56,9.56,7168.86,0,800,3200,0,0
